{
  "id": "1435556",
  "name": "jianshu",
  "font_family": "iconfont",
  "css_prefix_text": "icon",
  "description": "iconfont",
  "glyphs": [
    {
      "icon_id": "436376",
      "name": "放大镜",
      "font_class": "49",
      "unicode": "e631",
      "unicode_decimal": 58929
    },
    {
      "icon_id": "1621077",
      "name": "Aa",
      "font_class": "Aa",
      "unicode": "e636",
      "unicode_decimal": 58934
    },
    {
      "icon_id": "3834213",
      "name": "毛笔",
      "font_class": "maobi",
      "unicode": "e6a4",
      "unicode_decimal": 59044
    },
    {
      "icon_id": "6403458",
      "name": "spin",
      "font_class": "spin",
      "unicode": "e606",
      "unicode_decimal": 58886
    }
  ]
}
